var_worker,var_firm,cov_worker_firm,N_obs,N_id,N_firmid
2.00431722628997,1.70750135501288,0.30840836967078,2025565,579027,40987
