var_worker,var_firm,cov_worker_firm,N_obs,N_id,N_firmid
2.61523269260029,2.10596467938612,0.00479929044694018,2057880,587506,42544
