var_worker,var_firm,cov_worker_firm,N_obs,N_id,N_firmid
2.59892967441864,2.03781571546509,-0.00116000077131858,2025565,579027,40987
