var_worker,var_firm,cov_worker_firm,N_obs,N_id,N_firmid
2.0030451050415,1.70630911614729,0.309439011454898,2025565,579027,40987
