var_worker,var_firm,cov_worker_firm,N_obs,N_id,N_firmid
2.59892967229646,2.03781572343704,-0.00116000369581308,2025565,579027,40987
