type_decomp,var_y,var_worker,var_firm,2*cov_worker_firm,var_resid
levels,5.32799139288746,2.0030451050415,1.70630911614729,0.618878022909795,0.999759148788876
percent,1,0.375947511423431,0.320253729843691,0.116155972724723,0.187642786008155
