var_worker,var_firm,cov_worker_firm,N_obs,N_id,N_firmid
2.00391181897149,1.7071635043182,0.308720572759641,2025565,579027,40987
