var_worker,var_firm,cov_worker_firm,N_obs,N_id,N_firmid
2.00993901324237,1.76479728178189,0.325401481283686,2057880,587506,42544
