var_worker,var_firm,cov_worker_firm,N_obs,N_id,N_firmid
2.00422322824884,1.70730933238914,0.308528193538785,2025565,579027,40987
